{"query": "Hii", "response": "Hi!\n\nJobsForHer Foundation is an amazing platform that supports women in their professional growth, focusing on inclusivity and empowerment. They offer a variety of programs that can help you develop new skills, build your network, and advance your career.\n\nHave you checked out their resume-building workshops? They're super helpful in crafting a strong first impression.\n\nAdditionally, their leadership training sessions can help you develop essential skills for taking on new challenges.\n\nIf you're looking to upskill in tech, they have sessions for that too!\n\nNeed more info or support? Feel free to reach out to them directly or check out their website for more details.\n\nStay empowered!", "is_biased": false}
{"query": "Hii", "response": "Hi!\n\nThe JobsForHer Foundation offers a range of resources and programs designed to empower women in their careers. They provide resume-building workshops, leadership training, and tech upskilling sessions to support professional growth and development. These programs are inclusive and aim to create opportunities for women to build their confidence and skills.\n\nIf you're looking to upskill or enhance your career, I recommend checking out their programs and resources. You can also connect with their community to network with other women and learn from their experiences.\n\nBest, [AI Assistant]", "is_biased": false}
{"query": "Tell me about any job in data anaylsts", "response": "Hi there! I'd be happy to help you learn more about data analyst jobs!\n\nAs a leading platform for empowering women in their careers, we can tell you that data analysts play a crucial role in various industries, from finance to healthcare. Our training programs and job boards help women upskill and reskill to succeed in this field.\n\nIf you're interested in exploring data analyst job opportunities, I can suggest looking at our job board, where you can find postings like the one for Data Analyst at Data Inc in New York. This role involves working with data to uncover insights and trends, and our foundation has trained many women to excel in similar positions.\n\nBefore we dive deeper, I'd like to emphasize the importance of inclusivity and empowerment in the job market. At the JobsForHer Foundation, we believe that women from all backgrounds deserve equal opportunities to grow and succeed in their careers.\n\nIf you're interested in learning more about data analyst jobs or need guidance on how to get started, I recommend reaching out to our support team or registering for our upcoming training sessions. We're always here to support and empower women in their careers!\n\nWould you like me to connect you with any of our expert mentors or provide more job recommendations?\n\nYou might be interested in:\nJob: Software Engineer at Tech Corp in Remote\nJob: Data Analyst at Data Inc in New York", "is_biased": false}
